{
  "total_company_loss": {
    "mean_eal": 60821131.98321315,
    "p5": 27735721.569774467,
    "median": 58545947.02076221,
    "p95": 101490124.15692838,
    "max": 180599786.48791075,
    "min": 5525271.509704174
  },
  "loss_by_role": {
    "C_Level": {
      "mean_loss": 0.0,
      "mean_incidents": 0.0,
      "p5": 0.0,
      "median": 0.0,
      "p95": 0.0,
      "max": 0.0
    },
    "Analyst": {
      "mean_loss": 7512759.310407956,
      "mean_incidents": 26.099,
      "p5": 3070042.8392029246,
      "median": 7311521.497819027,
      "p95": 12823295.924630648,
      "max": 24945449.494858228
    },
    "Trader": {
      "mean_loss": 3063921.2937588766,
      "mean_incidents": 5.3236,
      "p5": 0.0,
      "median": 2544523.1917403624,
      "p95": 8367696.6439285455,
      "max": 18545781.008477412
    },
    "IT_Admin": {
      "mean_loss": 1505449.7712594422,
      "mean_incidents": 2.5968,
      "p5": 0.0,
      "median": 855238.6748077038,
      "p95": 5281196.510221726,
      "max": 16518940.403988225
    },
    "Exec_Assistant": {
      "mean_loss": 0.0,
      "mean_incidents": 0.0,
      "p5": 0.0,
      "median": 0.0,
      "p95": 0.0,
      "max": 0.0
    },
    "Contractor": {
      "mean_loss": 48739001.607786864,
      "mean_incidents": 21.109,
      "p5": 16260027.860372676,
      "median": 46586744.29194309,
      "p95": 88443947.05380125,
      "max": 160080504.46677905
    }
  },
  "comparison": {
    "baseline_mean_eal": 60821131.98321315,
    "with_mitigation_mean_eal": 60821131.98321315,
    "total_savings": 0.0,
    "savings_percentage": 0.0
  }
}