{
  "total_company_loss": {
    "mean_eal": 39291499.105612874,
    "p5": 16514092.488027398,
    "median": 37014834.840020895,
    "p95": 69075812.59312852,
    "max": 146322756.28453258,
    "min": 4312196.597404176
  },
  "loss_by_role": {
    "C_Level": {
      "mean_loss": 0.0,
      "mean_incidents": 0.0,
      "p5": 0.0,
      "median": 0.0,
      "p95": 0.0,
      "max": 0.0
    },
    "Analyst": {
      "mean_loss": 9085278.860260263,
      "mean_incidents": 31.5767,
      "p5": 4052198.0592418485,
      "median": 8805357.128598724,
      "p95": 14903351.223468848,
      "max": 27686330.3543951
    },
    "Trader": {
      "mean_loss": 4489197.459276409,
      "mean_incidents": 7.7936,
      "p5": 0.0,
      "median": 3987065.5619898196,
      "p95": 10546489.444703104,
      "max": 21951592.60813045
    },
    "IT_Admin": {
      "mean_loss": 1534662.970173216,
      "mean_incidents": 2.6481,
      "p5": 0.0,
      "median": 836616.9994850955,
      "p95": 5405748.082197263,
      "max": 16991679.438276798
    },
    "Exec_Assistant": {
      "mean_loss": 0.0,
      "mean_incidents": 0.0,
      "p5": 0.0,
      "median": 0.0,
      "p95": 0.0,
      "max": 0.0
    },
    "Contractor": {
      "mean_loss": 24182359.815902986,
      "mean_incidents": 10.4437,
      "p5": 3014966.60478276,
      "median": 21840146.084707923,
      "p95": 52759363.11026999,
      "max": 130679707.75672933
    }
  },
  "comparison": {
    "baseline_mean_eal": 39291499.105612874,
    "with_mitigation_mean_eal": 39291499.105612874,
    "total_savings": 0.0,
    "savings_percentage": 0.0
  }
}