{
  "total_company_loss": {
    "mean_eal": 11803734.795783086,
    "p5": 3310206.508139884,
    "median": 10408649.5153186,
    "p95": 25078692.915549733,
    "max": 53274042.27726294,
    "min": 0.0
  },
  "loss_by_role": {
    "C_Level": {
      "mean_loss": 0.0,
      "mean_incidents": 0.0,
      "p5": 0.0,
      "median": 0.0,
      "p95": 0.0,
      "max": 0.0
    },
    "Analyst": {
      "mean_loss": 2693208.306917008,
      "mean_incidents": 9.3856,
      "p5": 810696.2919637057,
      "median": 2526030.6199065736,
      "p95": 5112589.937478267,
      "max": 9808931.253766328
    },
    "Trader": {
      "mean_loss": 1354957.9232300918,
      "mean_incidents": 2.3473,
      "p5": 0.0,
      "median": 1007572.3583935997,
      "p95": 3982076.4194642287,
      "max": 11142219.453945661
    },
    "IT_Admin": {
      "mean_loss": 453955.2370400686,
      "mean_incidents": 0.8026,
      "p5": 0.0,
      "median": 0.0,
      "p95": 2021484.677401217,
      "max": 6796272.687666854
    },
    "Exec_Assistant": {
      "mean_loss": 0.0,
      "mean_incidents": 0.0,
      "p5": 0.0,
      "median": 0.0,
      "p95": 0.0,
      "max": 0.0
    },
    "Contractor": {
      "mean_loss": 7301613.328595917,
      "mean_incidents": 3.1943,
      "p5": 0.0,
      "median": 5713113.555123538,
      "p95": 20284573.39116203,
      "max": 49933211.16938383
    }
  },
  "comparison": {
    "baseline_mean_eal": 39291499.105612874,
    "with_mitigation_mean_eal": 11803734.795783086,
    "total_savings": 27487764.309829786,
    "savings_percentage": 69.95855321260343
  }
}