{
  "total_company_loss": {
    "mean_eal": 18247887.633374628,
    "p5": 5420097.073077933,
    "median": 16688470.681204861,
    "p95": 36283851.13181017,
    "max": 72377029.0633012,
    "min": 135228.56785753308
  },
  "loss_by_role": {
    "C_Level": {
      "mean_loss": 0.0,
      "mean_incidents": 0.0,
      "p5": 0.0,
      "median": 0.0,
      "p95": 0.0,
      "max": 0.0
    },
    "Analyst": {
      "mean_loss": 2278472.910644173,
      "mean_incidents": 7.9061,
      "p5": 568150.7547719957,
      "median": 2132478.5641398244,
      "p95": 4503314.232470172,
      "max": 8748852.92765622
    },
    "Trader": {
      "mean_loss": 897737.9598328446,
      "mean_incidents": 1.5744,
      "p5": 0.0,
      "median": 523387.0399250486,
      "p95": 3099315.1889740424,
      "max": 9131015.58395283
    },
    "IT_Admin": {
      "mean_loss": 448090.83518153895,
      "mean_incidents": 0.7795,
      "p5": 0.0,
      "median": 0.0,
      "p95": 2092571.8926338602,
      "max": 8127366.163504155
    },
    "Exec_Assistant": {
      "mean_loss": 0.0,
      "mean_incidents": 0.0,
      "p5": 0.0,
      "median": 0.0,
      "p95": 0.0,
      "max": 0.0
    },
    "Contractor": {
      "mean_loss": 14623585.92771607,
      "mean_incidents": 6.3023,
      "p5": 2148953.9482926354,
      "median": 12918747.871228151,
      "p95": 32485064.97614665,
      "max": 68980802.70344734
    }
  },
  "comparison": {
    "baseline_mean_eal": 60821131.98321315,
    "with_mitigation_mean_eal": 18247887.633374628,
    "total_savings": 42573244.349838525,
    "savings_percentage": 69.99745476882754
  }
}